Descriptor ID, Fitness, Model, R2_Train, R2Pred_Validation, R2Pred_Test
Descriptor ID, Fitness, Model, R2_Train, R2Pred_Validation, R2Pred_Test
[138- 225- 292- 305- 316- 333],0.00734343949333,<class 'sklearn.svm.classes.SVR'>,0.969227675968,-2.39826725886,-0.0775415816076
[69- 71- 291- 297],0.016094768882,<class 'sklearn.svm.classes.SVR'>,0.949105309376,-4.56886265144,0.0186797901052
[221- 232- 251- 353],0.0410529420332,<class 'sklearn.svm.classes.SVR'>,0.701631531277,-1.19042758823,0.0524120310969
[65- 97- 167- 198- 288],0.0433688313665,<class 'sklearn.svm.classes.SVR'>,0.882234090539,-6.53037139184,0.103852782366
[22- 134- 202- 373],0.00782105888809,<class 'sklearn.svm.classes.SVR'>,0.940100792399,-2.12789826152,-0.0949332817071
[9- 45- 340- 373],0.0520600271137,<class 'sklearn.svm.classes.SVR'>,0.685758442945,-2.13840531508,-0.0485480553982
[60- 99- 117- 131- 141- 358],0.00722290558502,<class 'sklearn.svm.classes.SVR'>,0.967412776073,-2.30855312986,-0.0785386733987
[144- 205- 331- 342],0.213615201536,<class 'sklearn.svm.classes.SVR'>,0.204338532868,-0.44373535109,-0.312760265113
[60- 104- 134- 326],0.0059753396342,<class 'sklearn.svm.classes.SVR'>,0.96916007149,-2.3984415776,0.0260469946858
[15- 67- 149- 165- 321- 345],0.00734237359548,<class 'sklearn.svm.classes.SVR'>,0.969254388337,-2.39875090514,-0.0775589882524
[31- 44- 218- 248- 273- 325],0.00863552105574,<class 'sklearn.svm.classes.SVR'>,0.955312226303,-2.34747613395,0.140251377995
[8- 52- 65- 319- 363- 378],0.0070372456607,<class 'sklearn.svm.classes.SVR'>,0.962533278338,-2.107607833,0.00118517525323
[53- 136- 165- 241- 299- 363],0.410252335906,<class 'sklearn.svm.classes.SVR'>,0.0223127879248,-2.09428705899,-0.073961800142
[0- 115- 148- 155- 190- 263],0.00707775052459,<class 'sklearn.svm.classes.SVR'>,0.968691929378,-2.30348208403,-0.181005394498
[135- 162- 186- 310- 338],0.00626325826726,<class 'sklearn.svm.classes.SVR'>,0.968115535617,-2.25239439747,-0.658812730637
[26- 146- 288- 308- 381],0.00660044539757,<class 'sklearn.svm.classes.SVR'>,0.969227675968,-2.39826725886,-0.077583650426
[107- 146- 152- 227],0.0608481114817,<class 'sklearn.svm.classes.SVR'>,0.687287035153,-3.22728121881,-0.805489646154
[11- 23- 47- 95- 143- 254- 366],0.0091034575634,<class 'sklearn.svm.classes.SVR'>,0.965592704589,-2.51513539603,-0.226421868027
[15- 64- 79- 191- 340],0.0147444709669,<class 'sklearn.svm.classes.SVR'>,0.862373716776,-1.29741060342,-0.209916381178
[35- 225- 268- 327],0.00593831823877,<class 'sklearn.svm.classes.SVR'>,0.96893975482,-2.37813924709,-0.0769887926781
[41- 86- 118- 121- 290],0.129149598542,<class 'sklearn.svm.classes.SVR'>,0.439240031205,-1.14143377113,-0.0155370423345
[125- 323- 338- 342],0.372665460885,<class 'sklearn.svm.classes.SVR'>,-0.000321572666972,-2.46954808332,0.00343603249292
[19- 133- 153- 193- 379],0.0745520489791,<class 'sklearn.svm.classes.SVR'>,0.596300556951,-1.30547639786,-0.49517101455
[93- 266- 334- 353],0.00471857585683,<class 'sklearn.svm.classes.SVR'>,0.974620584443,-2.082544238,-0.161867151094
[3- 38- 90- 109- 134- 164- 187- 221],0.00953413199435,<class 'sklearn.svm.classes.SVR'>,0.973834300601,-2.5873670825,-0.239081931228
[7- 99- 102- 131- 253- 371],0.0159734119141,<class 'sklearn.svm.classes.SVR'>,0.910399877591,-2.69286581181,-0.0486513367546
[68- 76- 101- 338],0.0240447763249,<class 'sklearn.svm.classes.SVR'>,0.829646382747,-2.4671196265,-0.427303968503
[35- 104- 141- 340- 380],0.00628720982036,<class 'sklearn.svm.classes.SVR'>,0.970167273666,-2.32273972471,0.00657418018834
[36- 124- 147- 158- 169- 200- 221- 271],0.221634096666,<class 'sklearn.svm.classes.SVR'>,0.408112118705,-2.88962660766,-0.228263750871
[3- 98- 181- 191- 202- 268],0.00735433214161,<class 'sklearn.svm.classes.SVR'>,0.969357926105,-2.40535305753,-0.0767507926147
[54- 65- 73- 177- 321],0.00659904758591,<class 'sklearn.svm.classes.SVR'>,0.969247743019,-2.39841765105,-0.0775836504264
[22- 79- 168- 229- 341],0.011650085232,<class 'sklearn.svm.classes.SVR'>,0.911922918557,-2.082109294,0.11275253037
[10- 287- 294- 348],0.326912385327,<class 'sklearn.svm.classes.SVR'>,0.0393051173123,-1.51497797731,0.224982082648
[94- 191- 228- 292- 293],0.00685460281626,<class 'sklearn.svm.classes.SVR'>,0.963657256767,-2.31179313431,-0.109860390196
[33- 96- 180- 311],0.0202189189281,<class 'sklearn.svm.classes.SVR'>,0.891394045312,-3.64947323035,-0.375946287817
[17- 77- 103- 303- 347- 366],0.0297083789714,<class 'sklearn.svm.classes.SVR'>,0.825830064318,-2.48560568785,-0.53347686387
[41- 159- 163- 256- 342],0.398325330934,<class 'sklearn.svm.classes.SVR'>,0.00478536820062,-2.44471719374,-0.0102356854042
[158- 170- 184- 192- 298],0.0064920528893,<class 'sklearn.svm.classes.SVR'>,0.968147736691,-2.32976346155,-0.112690051237
[75- 117- 137- 193- 322- 354- 370- 379],0.00928757604251,<class 'sklearn.svm.classes.SVR'>,0.969227675968,-2.39826725886,-0.077583650426
[180- 279- 313- 323],0.36569454795,<class 'sklearn.svm.classes.SVR'>,-0.00376982353983,-2.04019434732,-0.075657086145
[23- 86- 128- 144- 335],0.0509395030195,<class 'sklearn.svm.classes.SVR'>,0.709202712433,-2.20807983922,-0.467549991885
[10- 116- 202- 243- 271],0.0993310498747,<class 'sklearn.svm.classes.SVR'>,0.537438467121,-1.76506447329,0.1301863309
[21- 44- 143- 155- 233- 248],0.121674455994,<class 'sklearn.svm.classes.SVR'>,0.655978540344,-6.30636793348,-0.163011893526
[28- 44- 107- 186- 199- 308],0.00734103997131,<class 'sklearn.svm.classes.SVR'>,0.969251211251,-2.39826414017,-0.0775841141422
[15- 136- 223- 307],0.0140017472393,<class 'sklearn.svm.classes.SVR'>,0.9135824235,-2.99147001019,-0.0704862336473
[14- 23- 73- 78- 145- 226- 309- 327- 373],0.0105744733736,<class 'sklearn.svm.classes.SVR'>,0.969246870509,-2.39795766132,-0.0776078432724
[35- 197- 246- 352],0.0404519423419,<class 'sklearn.svm.classes.SVR'>,0.800928565777,-4.1729235112,-0.453599116841
[47- 86- 299- 373],0.168826617945,<class 'sklearn.svm.classes.SVR'>,0.346075886675,-1.93318962701,-0.111795429
[155- 275- 296- 321- 369],0.0408168694675,<class 'sklearn.svm.classes.SVR'>,0.790020988553,-3.39941647475,-0.16226321594
[48- 50- 275- 325- 330- 377],0.00792529031757,<class 'sklearn.svm.classes.SVR'>,0.956744624053,-2.19359902467,0.12103425037
[1- 138- 225- 292- 305- 316- 333],0.00822647328991,<class 'sklearn.svm.classes.SVR'>,0.969227675968,-2.39826725885,-0.0774575802019
[69- 71- 171- 291- 297- 327],0.00734033013532,<class 'sklearn.svm.classes.SVR'>,0.969254530872,-2.39815452314,-0.0775840492078
[221- 232- 251- 309- 334- 353],0.00725282747373,<class 'sklearn.svm.classes.SVR'>,0.96911316144,-2.36813847341,-0.0684574393115
[65- 97- 110- 167- 198- 223- 271- 288- 353],0.0226537559988,<class 'sklearn.svm.classes.SVR'>,0.949907510824,-3.82987640445,-0.145442654737
[22- 134- 202- 353- 373],0.00658176630005,<class 'sklearn.svm.classes.SVR'>,0.969400776631,-2.39738733986,-0.0776557106564
[45- 266- 340- 373],0.0316196499286,<class 'sklearn.svm.classes.SVR'>,0.805530982866,-3.00320341336,0.161782695728
[60- 99- 117- 131- 141- 358- 379],0.00832082621421,<class 'sklearn.svm.classes.SVR'>,0.965791314639,-2.32213861125,-0.0816687748546
[66- 144- 205- 287- 331- 334- 342- 353],0.00551790665427,<class 'sklearn.svm.classes.SVR'>,0.976595187394,-1.62839403586,-0.197298218548
[60- 104- 134- 326],0.0059753396342,<class 'sklearn.svm.classes.SVR'>,0.96916007149,-2.3984415776,0.0260469946858
[15- 67- 149- 165- 321- 345- 366],0.00822785522081,<class 'sklearn.svm.classes.SVR'>,0.969255037614,-2.39943039125,-0.0775430360507
[31- 44- 218- 248- 273- 293- 325- 334- 353],0.0104152700821,<class 'sklearn.svm.classes.SVR'>,0.969022104019,-2.35936152586,-0.0530576878507
[8- 52- 65- 319- 334- 363- 378],0.00738728328181,<class 'sklearn.svm.classes.SVR'>,0.968478375863,-2.15107360475,-0.0611824456254
[53- 136- 165- 241- 299- 363],0.410252335906,<class 'sklearn.svm.classes.SVR'>,0.0223127879248,-2.09428705899,-0.073961800142
[0- 12- 90- 115- 148- 190- 234- 256- 263- 353],0.0121707459343,<class 'sklearn.svm.classes.SVR'>,0.969237774825,-2.39827276184,-0.107508649304
[135- 162- 186- 310- 334- 338],0.00695205433057,<class 'sklearn.svm.classes.SVR'>,0.969173991992,-2.28006734687,-0.235815567236
[26- 146- 243- 288- 308- 360- 381],0.00822647328994,<class 'sklearn.svm.classes.SVR'>,0.969227675968,-2.39826725886,-0.077583650426
[107- 123- 146- 152- 227- 266],0.0309532229576,<class 'sklearn.svm.classes.SVR'>,0.823268560571,-2.58921103495,-0.283051010487
[11- 23- 32- 47- 95- 143- 254- 366],0.0102457172058,<class 'sklearn.svm.classes.SVR'>,0.964338224555,-2.47307630137,-0.232310694473
[15- 64- 79- 191- 334- 340],0.00542682056875,<class 'sklearn.svm.classes.SVR'>,0.958013504972,-1.45793223143,-0.145766424044
[35- 111- 225- 266- 268- 327- 335],0.00822065929636,<class 'sklearn.svm.classes.SVR'>,0.969279552685,-2.39826791734,-0.0496387123167
[35- 41- 86- 93- 118- 121- 266- 290- 353],0.0642314753821,<class 'sklearn.svm.classes.SVR'>,0.901772724062,-6.74053577576,-0.408909384672
[93- 125- 309- 323- 334- 338- 342],0.00642654144092,<class 'sklearn.svm.classes.SVR'>,0.969083160626,-1.89459231236,-0.0798745783335
[19- 133- 138- 153- 193- 290- 379],0.00653818154756,<class 'sklearn.svm.classes.SVR'>,0.908507086819,-0.15199640254,-0.112980881565
[40- 93- 266- 293- 334- 353],0.00741440225672,<class 'sklearn.svm.classes.SVR'>,0.971518953074,-2.48742811075,-0.053166470601
[3- 38- 90- 93- 109- 134- 154- 164- 187- 210- 221],0.0110732304453,<class 'sklearn.svm.classes.SVR'>,0.977327486481,-2.1270919307,-0.158095490016
[7- 93- 99- 102- 131- 176- 253- 256- 371],0.010893726548,<class 'sklearn.svm.classes.SVR'>,0.968405475125,-2.43811271304,-0.0878889202574
[68- 76- 93- 101- 334- 338],0.0112978914614,<class 'sklearn.svm.classes.SVR'>,0.930472884442,-2.27957280054,-0.109470359699
[35- 104- 141- 268- 340- 380],0.00686015907825,<class 'sklearn.svm.classes.SVR'>,0.970423664342,-2.2894998577,0.028890958195
[36- 124- 147- 158- 169- 200- 221- 271- 361],0.252731189615,<class 'sklearn.svm.classes.SVR'>,0.398970930972,-2.87420355082,-0.20666144967
[3- 98- 181- 191- 202- 262- 268],0.00824915542293,<class 'sklearn.svm.classes.SVR'>,0.969430021701,-2.41012214606,-0.0762210782571
[54- 65- 73- 93- 177- 321- 334],0.0082230981337,<class 'sklearn.svm.classes.SVR'>,0.969257776561,-2.39826726608,-0.0775836505757
[22- 79- 168- 229- 327- 341],0.00734090572453,<class 'sklearn.svm.classes.SVR'>,0.969250313181,-2.39819788781,-0.0775890708102
[10- 197- 266- 287- 294- 348],0.0416161748366,<class 'sklearn.svm.classes.SVR'>,0.774264797667,-2.54088633895,-0.000502658173117
[93- 94- 191- 228- 266- 292- 293],0.00914921817683,<class 'sklearn.svm.classes.SVR'>,0.958620824152,-2.32214687609,-0.133500496462
[33- 96- 180- 311- 322- 353],0.0073430957816,<class 'sklearn.svm.classes.SVR'>,0.969231025423,-2.39826616944,-0.0775837355371
[5- 51- 94- 161- 226],0.0385692703067,<class 'sklearn.svm.classes.SVR'>,0.865625753993,-5.39368315303,-0.617760716633
[31- 95- 156- 369],0.00855557899882,<class 'sklearn.svm.classes.SVR'>,0.929379280978,-2.02531138575,-0.296199336397
[79- 105- 133- 246- 303- 308],0.0723776836681,<class 'sklearn.svm.classes.SVR'>,0.740757847434,-4.81678530996,-0.529715698158
[68- 122- 173- 233],0.315952460729,<class 'sklearn.svm.classes.SVR'>,0.0908139366652,-2.56151960477,-0.328889679505
[39- 55- 157- 301],0.339081727602,<class 'sklearn.svm.classes.SVR'>,0.0758583023838,-3.23723477027,-0.0992185148786
[89- 240- 283- 341],0.0161577550848,<class 'sklearn.svm.classes.SVR'>,0.891958512263,-2.81813570496,-0.279765582893
[123- 158- 266- 298],0.294740420819,<class 'sklearn.svm.classes.SVR'>,0.201540839746,-4.90029597687,-0.863723790442
[108- 289- 335- 344- 369],0.0485688470202,<class 'sklearn.svm.classes.SVR'>,0.753683795427,-3.27497050622,-0.178508493367
[38- 70- 104- 165- 202- 305- 314- 371],0.00951596946133,<class 'sklearn.svm.classes.SVR'>,0.961572407856,-2.23025601746,-0.0914745760769
[105- 119- 225- 270- 300],0.0434004586545,<class 'sklearn.svm.classes.SVR'>,0.729676650244,-1.90331373239,-0.37280996639
[79- 84- 89- 216- 321- 373],0.00725530598184,<class 'sklearn.svm.classes.SVR'>,0.969270612765,-2.37356861043,-0.0775869440944
[68- 116- 139- 238- 307],0.00825930417805,<class 'sklearn.svm.classes.SVR'>,0.938701119514,-1.98552687182,-0.0830943354153
[144- 259- 279- 282- 355- 369],0.0522965758406,<class 'sklearn.svm.classes.SVR'>,0.655711299447,-0.247374622242,-0.437972848396
[3- 150- 251- 266],0.100436507348,<class 'sklearn.svm.classes.SVR'>,0.585894953135,-4.04987264574,-0.670545779607
[148- 250- 258- 265- 274],0.407379395969,<class 'sklearn.svm.classes.SVR'>,0.00306728124043,-2.77291797506,-0.0525293864118
[138- 225- 292- 305- 316- 333],0.00734343949333,<class 'sklearn.svm.classes.SVR'>,0.969227675968,-2.39826725886,-0.0775415816076
[69- 71- 171- 291- 297- 327],0.00734033013532,<class 'sklearn.svm.classes.SVR'>,0.969254530872,-2.39815452314,-0.0775840492078
[221- 232- 251- 334- 353],0.0056523662749,<class 'sklearn.svm.classes.SVR'>,0.974621102478,-2.23878621223,-0.175061548567
[65- 167- 198- 223- 271- 288- 330- 353],0.111481127696,<class 'sklearn.svm.classes.SVR'>,0.570160063177,-1.46902410582,-0.462359617895
[22- 134- 202- 219- 353- 373],0.0072073621992,<class 'sklearn.svm.classes.SVR'>,0.969366918266,-2.36224277096,-0.0804327895925
[45- 266- 340- 373],0.0316196499286,<class 'sklearn.svm.classes.SVR'>,0.805530982866,-3.00320341336,0.161782695728
[60- 99- 117- 131- 141- 358],0.00722290558502,<class 'sklearn.svm.classes.SVR'>,0.967412776073,-2.30855312986,-0.0785386733987
[144- 205- 334- 342- 353],0.0052178574069,<class 'sklearn.svm.classes.SVR'>,0.957740118006,-1.56916027979,-0.328973024578
[60- 104- 186- 326],0.00596771058385,<class 'sklearn.svm.classes.SVR'>,0.96924439851,-2.39826725886,-0.077583650426
[67- 149- 165- 321- 345],0.0065986241106,<class 'sklearn.svm.classes.SVR'>,0.969252120755,-2.3984115462,-0.0775744237441
[31- 44- 218- 248- 273- 325- 334- 353],0.0091655150706,<class 'sklearn.svm.classes.SVR'>,0.969077947859,-2.36571244071,-0.0548969795966
[52- 65- 319- 334- 363- 378],0.00665956380476,<class 'sklearn.svm.classes.SVR'>,0.968576855312,-2.17295754718,-0.0620115476573
[53- 136- 299- 363],0.35341743487,<class 'sklearn.svm.classes.SVR'>,0.0222544324849,-2.26760545365,-0.059186961101
[0- 93- 115- 148- 190- 234- 263- 353],0.00927315475229,<class 'sklearn.svm.classes.SVR'>,0.96923745048,-2.39522127776,-0.1707974832
[135- 162- 310- 334- 338],0.0638584850094,<class 'sklearn.svm.classes.SVR'>,0.590598158126,-0.0477200772265,-0.677062019198
[26- 146- 266- 288- 308- 381],0.00734343949333,<class 'sklearn.svm.classes.SVR'>,0.969227675968,-2.39826725886,-0.077583650426
[107- 146- 152- 227- 266],0.0231138874045,<class 'sklearn.svm.classes.SVR'>,0.846698211893,-2.45365092339,-0.238892049425
[11- 23- 47- 49- 95- 143- 254- 288- 366],0.0119882605511,<class 'sklearn.svm.classes.SVR'>,0.960824957225,-2.43623761759,-0.252990051383
[15- 64- 79- 191- 334- 340],0.00542682056875,<class 'sklearn.svm.classes.SVR'>,0.958013504972,-1.45793223143,-0.145766424044
[35- 225- 266- 268- 327],0.00663334934585,<class 'sklearn.svm.classes.SVR'>,0.968973024821,-2.40132228494,-0.0761627512238
[41- 86- 93- 118- 121- 266- 290- 353],0.0605602574618,<class 'sklearn.svm.classes.SVR'>,0.776528888772,-3.50668322824,-0.160939033641
[93- 125- 323- 334- 338- 342],0.101220192457,<class 'sklearn.svm.classes.SVR'>,0.511385615329,-0.448030692423,-0.816254323149
[19- 133- 138- 153- 193- 355- 379],0.00924513353241,<class 'sklearn.svm.classes.SVR'>,0.933563609851,-1.61143644143,-0.08647692458
[93- 266- 334- 353],0.00471857585683,<class 'sklearn.svm.classes.SVR'>,0.974620584443,-2.082544238,-0.161867151094
[3- 38- 90- 93- 109- 134- 164- 187- 221],0.0113628985186,<class 'sklearn.svm.classes.SVR'>,0.972359682398,-2.64215242364,-0.257814162247
[7- 80- 93- 99- 102- 131- 253- 288- 371],0.028219822128,<class 'sklearn.svm.classes.SVR'>,0.895205129301,-3.00900836753,-0.0771795444985
[68- 76- 93- 101- 334- 338],0.0112978914614,<class 'sklearn.svm.classes.SVR'>,0.930472884442,-2.27957280054,-0.109470359699
[35- 104- 141- 268- 334- 340- 375- 380],0.00915491401185,<class 'sklearn.svm.classes.SVR'>,0.969143592085,-2.3651401771,-0.075651877777
[36- 124- 147- 158- 169- 271],0.183993451941,<class 'sklearn.svm.classes.SVR'>,0.43701474157,-3.80985112893,-0.328943684606
[3- 98- 181- 191- 202- 268],0.00735433214161,<class 'sklearn.svm.classes.SVR'>,0.969357926105,-2.40535305753,-0.0767507926147
[54- 65- 73- 177- 321- 334],0.00734140259556,<class 'sklearn.svm.classes.SVR'>,0.969247743019,-2.39826725921,-0.0775836504329
[22- 79- 168- 229- 327- 341],0.00734090572453,<class 'sklearn.svm.classes.SVR'>,0.969250313181,-2.39819788781,-0.0775890708102
[266- 287- 294- 348],0.175829053102,<class 'sklearn.svm.classes.SVR'>,0.34730518994,-2.44588294744,0.149073991215
[93- 94- 191- 228- 266- 292- 293],0.00914921817683,<class 'sklearn.svm.classes.SVR'>,0.958620824152,-2.32214687609,-0.133500496462
[33- 93- 96- 180- 311- 353],0.00723866013558,<class 'sklearn.svm.classes.SVR'>,0.969252573934,-2.36810598899,-0.0976524586075
[100- 123- 210- 384],0.00596910030278,<class 'sklearn.svm.classes.SVR'>,0.969228197323,-2.39827320448,-0.077565532042
[3- 100- 145- 351],0.0179004673074,<class 'sklearn.svm.classes.SVR'>,0.896058505929,-3.3206904736,-0.28889501023
[18- 226- 252- 260- 298],0.20998883314,<class 'sklearn.svm.classes.SVR'>,0.240754593504,-0.388579698377,0.114866881628
[173- 240- 258- 316],0.330927762385,<class 'sklearn.svm.classes.SVR'>,0.0152623181625,-0.969572377677,-0.305889264401
[24- 74- 87- 179- 195],0.0068202720746,<class 'sklearn.svm.classes.SVR'>,0.969281193208,-2.47144597969,-0.0772987517363
[28- 37- 65- 154- 165],0.228755102025,<class 'sklearn.svm.classes.SVR'>,0.385213972425,-5.84241843007,-0.505546434871
[21- 110- 203- 229- 256],0.253060794682,<class 'sklearn.svm.classes.SVR'>,0.199852713605,-1.5362924134,-0.206056752564
[46- 139- 321- 346],0.00520694144117,<class 'sklearn.svm.classes.SVR'>,0.971370186528,-2.17732317131,0.0803931757679
[72- 84- 104- 193- 200- 299- 375- 377],0.0131613886637,<class 'sklearn.svm.classes.SVR'>,0.916881518124,-1.7071841376,-0.143481503451
[5- 77- 213- 229- 384],0.00655766756741,<class 'sklearn.svm.classes.SVR'>,0.969154373139,-2.38197994572,-0.0786850584706
[259- 293- 307- 311- 324- 373],0.0151032433121,<class 'sklearn.svm.classes.SVR'>,0.930448409038,-3.11515238375,-0.0863483428079
[80- 95- 194- 202],0.00941921311424,<class 'sklearn.svm.classes.SVR'>,0.934688366398,-2.44569981205,-0.0130569725354
[20- 41- 205- 285- 323- 329],0.00964550903412,<class 'sklearn.svm.classes.SVR'>,0.942195247878,-2.22230752276,-0.0388432056221
[40- 70- 97- 207- 235- 261- 288- 339- 344- 375],0.0119506892887,<class 'sklearn.svm.classes.SVR'>,0.970051456686,-2.38223243549,-0.0596217550667
[0- 11- 16- 58- 89- 99- 123- 266- 321- 371],0.0121754204859,<class 'sklearn.svm.classes.SVR'>,0.969254155181,-2.39954354676,-0.0775644613317
[1- 138- 225- 292- 305- 316- 333],0.00822647328991,<class 'sklearn.svm.classes.SVR'>,0.969227675968,-2.39826725885,-0.0774575802019
[69- 71- 171- 291- 297- 327],0.00734033013532,<class 'sklearn.svm.classes.SVR'>,0.969254530872,-2.39815452314,-0.0775840492078
[221- 222- 232- 251- 309- 334- 353],0.00810773349711,<class 'sklearn.svm.classes.SVR'>,0.969200798181,-2.36633246452,-0.0772453264074
[65- 110- 167- 198- 223- 271- 288- 353],0.282540441124,<class 'sklearn.svm.classes.SVR'>,0.280993961316,-1.93158991377,-0.604333713477
[22- 134- 202- 353- 373],0.00658176630005,<class 'sklearn.svm.classes.SVR'>,0.969400776631,-2.39738733986,-0.0776557106564
[10- 45- 93- 266- 340- 353- 373],0.015856058607,<class 'sklearn.svm.classes.SVR'>,0.944691656247,-3.3489919601,-0.204903828018
[60- 99- 117- 131- 141- 358- 379],0.00832082621421,<class 'sklearn.svm.classes.SVR'>,0.965791314639,-2.32213861125,-0.0816687748546
[144- 205- 334- 342- 353],0.0052178574069,<class 'sklearn.svm.classes.SVR'>,0.957740118006,-1.56916027979,-0.328973024578
[60- 104- 266- 326],0.00595342596859,<class 'sklearn.svm.classes.SVR'>,0.969083791687,-2.38810083223,0.0234191571165
[67- 149- 165- 321- 345],0.0065986241106,<class 'sklearn.svm.classes.SVR'>,0.969252120755,-2.3984115462,-0.0775744237441
[31- 44- 93- 218- 248- 273- 325- 334- 353],0.010406217187,<class 'sklearn.svm.classes.SVR'>,0.969023461848,-2.35755903157,-0.0530905861478
[20- 52- 65- 319- 334- 363- 378],0.00738718577678,<class 'sklearn.svm.classes.SVR'>,0.968479285541,-2.15107337426,-0.0611813197186
[53- 136- 294- 299- 353- 363],0.107912939736,<class 'sklearn.svm.classes.SVR'>,0.613652961943,-4.02029089909,-0.20509329794
[0- 12- 93- 115- 148- 190- 256- 263- 353],0.0105492319301,<class 'sklearn.svm.classes.SVR'>,0.969129645997,-2.38954865445,-0.134957092456
[135- 162- 310- 334- 338],0.0638584850094,<class 'sklearn.svm.classes.SVR'>,0.590598158126,-0.0477200772265,-0.677062019198
[26- 146- 243- 288- 308- 381],0.00734343949333,<class 'sklearn.svm.classes.SVR'>,0.969227675968,-2.39826725886,-0.077583650426
[107- 146- 152- 227- 260- 266- 340],0.00773949635907,<class 'sklearn.svm.classes.SVR'>,0.969888231163,-2.28840858384,-0.0427035027772
[11- 23- 47- 49- 95- 254- 366],0.00947721213002,<class 'sklearn.svm.classes.SVR'>,0.963042913991,-2.53232900799,-0.228952928254
[15- 64- 79- 191- 334- 340],0.00542682056875,<class 'sklearn.svm.classes.SVR'>,0.958013504972,-1.45793223143,-0.145766424044
[35- 111- 225- 266- 268- 327],0.00749085349652,<class 'sklearn.svm.classes.SVR'>,0.969170451117,-2.4396680388,-0.0756940746343
[35- 41- 93- 118- 121- 266- 290- 353],0.0658659337685,<class 'sklearn.svm.classes.SVR'>,0.91160519342,-7.86418042417,-0.422962143491
[93- 125- 309- 323- 334- 338- 342],0.00642654144092,<class 'sklearn.svm.classes.SVR'>,0.969083160626,-1.89459231236,-0.0798745783335
[19- 133- 138- 153- 183- 193- 290- 379],0.00781603480339,<class 'sklearn.svm.classes.SVR'>,0.964935727133,-1.92070113178,-0.129242386751
[40- 93- 266- 293- 334- 353],0.00741440225672,<class 'sklearn.svm.classes.SVR'>,0.971518953074,-2.48742811075,-0.053166470601
[3- 38- 90- 93- 109- 134- 154- 164- 187- 210- 221],0.0110732304453,<class 'sklearn.svm.classes.SVR'>,0.977327486481,-2.1270919307,-0.158095490016
[7- 93- 99- 102- 131- 176- 253- 256- 371],0.010893726548,<class 'sklearn.svm.classes.SVR'>,0.968405475125,-2.43811271304,-0.0878889202574
[26- 68- 76- 88- 93- 101- 334- 338],0.00929193167621,<class 'sklearn.svm.classes.SVR'>,0.969261538791,-2.40024649061,-0.0774290942469
[35- 104- 141- 334- 340- 380],0.00723222398421,<class 'sklearn.svm.classes.SVR'>,0.969149209877,-2.3631167466,-0.0671457833134
[36- 38- 124- 147- 158- 169- 271- 361],0.208989160804,<class 'sklearn.svm.classes.SVR'>,0.434160498242,-3.03369447109,-0.323305456313
[3- 181- 191- 202- 262- 268],0.0100511497208,<class 'sklearn.svm.classes.SVR'>,0.926877013394,-1.86826463328,-0.128609258416
[54- 65- 73- 177- 321- 334],0.00734140259556,<class 'sklearn.svm.classes.SVR'>,0.969247743019,-2.39826725921,-0.0775836504329
[22- 79- 168- 229- 327- 341],0.00734090572453,<class 'sklearn.svm.classes.SVR'>,0.969250313181,-2.39819788781,-0.0775890708102
[191- 197- 266- 294- 348],0.00683659215546,<class 'sklearn.svm.classes.SVR'>,0.949213012182,-1.86751264666,-0.192600133572
[93- 94- 191- 228- 266- 292- 293],0.00914921817683,<class 'sklearn.svm.classes.SVR'>,0.958620824152,-2.32214687609,-0.133500496462
[33- 93- 96- 180- 311- 322- 353],0.00822607801562,<class 'sklearn.svm.classes.SVR'>,0.969231015929,-2.39826184071,-0.0775840735925
[66- 102- 156- 192- 198- 285- 301],0.00780356295364,<class 'sklearn.svm.classes.SVR'>,0.971399842294,-2.34994128509,-0.115881904981
[76- 144- 226- 273],0.354612806908,<class 'sklearn.svm.classes.SVR'>,0.0340203397353,-2.68747399674,-0.20988644423
[63- 90- 148- 225- 268],0.00608347932144,<class 'sklearn.svm.classes.SVR'>,0.928449274574,-0.98725638469,-0.0216631285733
[87- 262- 274- 346- 377],0.180242517155,<class 'sklearn.svm.classes.SVR'>,0.344059029033,-1.72767176222,-0.169693920518
[39- 158- 169- 192],0.0781384163194,<class 'sklearn.svm.classes.SVR'>,0.555637961285,-1.01137907464,-0.701657569212
[0- 65- 98- 211],0.00668241513132,<class 'sklearn.svm.classes.SVR'>,0.95613779803,-2.24653859974,0.0468309922012
[18- 30- 41- 225- 281- 366],0.170482423021,<class 'sklearn.svm.classes.SVR'>,0.427240269022,-2.70985843051,0.053056352975
[35- 55- 80- 158- 285- 342],0.293223237725,<class 'sklearn.svm.classes.SVR'>,0.278899944058,-4.7621301207,-0.245620669678
[39- 97- 156- 254- 311- 316],0.0481784728793,<class 'sklearn.svm.classes.SVR'>,0.880407535132,-6.48794352702,0.10834222916
[52- 63- 132- 223],0.0115390390157,<class 'sklearn.svm.classes.SVR'>,0.947807186185,-3.43432005377,-0.0105076711806
[42- 182- 196- 222- 247- 370],0.00733510532252,<class 'sklearn.svm.classes.SVR'>,0.969210474298,-2.39530406996,-0.0777654746659
[146- 279- 297- 331],0.229140573727,<class 'sklearn.svm.classes.SVR'>,0.156878114087,0.0930899198136,-0.330669084948
[11- 38- 48- 314- 325],0.00743422469466,<class 'sklearn.svm.classes.SVR'>,0.954226074444,-2.20837450843,0.126041577358
[138- 160- 203- 356],0.215643381912,<class 'sklearn.svm.classes.SVR'>,0.238383272589,-1.61823449444,-0.673576083366
[123- 182- 205- 311],0.0398136383177,<class 'sklearn.svm.classes.SVR'>,0.824294719622,-4.80479933418,-0.371903698877
[1- 138- 225- 292- 305- 316- 333],0.00822647328991,<class 'sklearn.svm.classes.SVR'>,0.969227675968,-2.39826725885,-0.0774575802019
[69- 71- 171- 291- 297- 327- 353],0.00822486988764,<class 'sklearn.svm.classes.SVR'>,0.96924114737,-2.39824301085,-0.0775830246234
[11- 221- 232- 251- 309- 334- 353],0.00809521735037,<class 'sklearn.svm.classes.SVR'>,0.96905671556,-2.35881304592,-0.0661227074699
[65- 110- 167- 198- 223- 271- 288- 330- 353],0.137586570351,<class 'sklearn.svm.classes.SVR'>,0.540928573373,-1.41728331654,-0.495121677612
[22- 134- 161- 202- 219- 353],0.00720736222356,<class 'sklearn.svm.classes.SVR'>,0.96936691809,-2.36224277294,-0.0804327894331
[45- 93- 266- 334- 340- 353- 373],0.00591213357378,<class 'sklearn.svm.classes.SVR'>,0.970514134338,-1.78124709912,-0.100487343715
[60- 99- 117- 131- 141- 334- 358],0.00816943910172,<class 'sklearn.svm.classes.SVR'>,0.970632505551,-2.42450982864,-0.0877197773794
[144- 205- 334- 342- 353],0.0052178574069,<class 'sklearn.svm.classes.SVR'>,0.957740118006,-1.56916027979,-0.328973024578
[60- 104- 266- 326],0.00595342596859,<class 'sklearn.svm.classes.SVR'>,0.969083791687,-2.38810083223,0.0234191571165
[67- 149- 165- 321- 345],0.0065986241106,<class 'sklearn.svm.classes.SVR'>,0.969252120755,-2.3984115462,-0.0775744237441
[31- 44- 93- 218- 248- 273- 334- 353],0.00914411659657,<class 'sklearn.svm.classes.SVR'>,0.970719266155,-2.40798903968,-0.0436128134717
[52- 65- 319- 334- 363- 378],0.00665956380476,<class 'sklearn.svm.classes.SVR'>,0.968576855312,-2.17295754718,-0.0620115476573
[53- 136- 299- 353- 363],0.200212236263,<class 'sklearn.svm.classes.SVR'>,0.374877881099,-3.88445432673,-0.433609131006
[0- 12- 93- 115- 148- 190- 263- 353],0.00926780781938,<class 'sklearn.svm.classes.SVR'>,0.969227322138,-2.39369539124,-0.12943218581
[135- 162- 310- 334- 338],0.0638584850094,<class 'sklearn.svm.classes.SVR'>,0.590598158126,-0.0477200772265,-0.677062019198
[146- 288- 308- 381],0.00598595605316,<class 'sklearn.svm.classes.SVR'>,0.969362848643,-2.40856661559,-0.0771098783677
[98- 107- 146- 152- 266],0.00854639253974,<class 'sklearn.svm.classes.SVR'>,0.93564776659,-1.97634635131,-0.0198819609699
[11- 23- 47- 49- 95- 254- 288- 366],0.0108047513046,<class 'sklearn.svm.classes.SVR'>,0.960710051849,-2.48976076167,-0.241337785075
[15- 64- 79- 191- 334- 340],0.00542682056875,<class 'sklearn.svm.classes.SVR'>,0.958013504972,-1.45793223143,-0.145766424044
[35- 225- 266- 268],0.0769688414371,<class 'sklearn.svm.classes.SVR'>,0.640989032886,-3.52881726699,-0.12951288005
[41- 93- 118- 121- 178- 266- 290- 353],0.00758527110491,<class 'sklearn.svm.classes.SVR'>,0.963456518646,-1.8196690033,-0.0879164465517
[93- 125- 266- 323- 334- 338- 342],0.0699380607024,<class 'sklearn.svm.classes.SVR'>,0.657110831441,-1.48830446796,-0.810673214528
[19- 133- 138- 153- 193- 290- 353- 355- 379],0.00779884322983,<class 'sklearn.svm.classes.SVR'>,0.96853098159,-1.77515235445,-0.117741156035
[93- 266- 334- 353],0.00471857585683,<class 'sklearn.svm.classes.SVR'>,0.974620584443,-2.082544238,-0.161867151094
[3- 38- 90- 93- 109- 134- 154- 164- 187- 210- 221- 296],0.0128669475306,<class 'sklearn.svm.classes.SVR'>,0.97715672627,-2.09078704373,-0.166924702757
[7- 93- 99- 102- 131- 253- 288- 371],0.0231340156243,<class 'sklearn.svm.classes.SVR'>,0.900334579331,-2.89234046775,-0.0702963758496
[26- 68- 76- 93- 101- 266- 334- 338],0.00929332776782,<class 'sklearn.svm.classes.SVR'>,0.969263710779,-2.40063091482,-0.0774001452383
[35- 104- 141- 334- 340- 375- 380],0.00813493181791,<class 'sklearn.svm.classes.SVR'>,0.969241842167,-2.37468996139,-0.0745740168638
[36- 124- 147- 158- 169- 271],0.183993451941,<class 'sklearn.svm.classes.SVR'>,0.43701474157,-3.80985112893,-0.328943684606
[3- 181- 191- 202- 268],0.00906933703077,<class 'sklearn.svm.classes.SVR'>,0.930630626111,-1.97263061427,-0.111721801299
[54- 65- 73- 177- 321- 334],0.00734140259556,<class 'sklearn.svm.classes.SVR'>,0.969247743019,-2.39826725921,-0.0775836504329
[22- 79- 168- 229- 327- 341],0.00734090572453,<class 'sklearn.svm.classes.SVR'>,0.969250313181,-2.39819788781,-0.0775890708102
[266- 294- 348],0.184933003712,<class 'sklearn.svm.classes.SVR'>,0.311023143858,-2.84006575971,0.0597643654633
[93- 94- 191- 228- 266- 292- 293],0.00914921817683,<class 'sklearn.svm.classes.SVR'>,0.958620824152,-2.32214687609,-0.133500496462
[33- 93- 96- 180- 311- 322- 353],0.00822607801562,<class 'sklearn.svm.classes.SVR'>,0.969231015929,-2.39826184071,-0.0775840735925
[102- 187- 270- 277- 334],0.0059154097415,<class 'sklearn.svm.classes.SVR'>,0.971020528087,-2.22171249718,-0.0340638613853
[172- 292- 303- 368],0.215003417712,<class 'sklearn.svm.classes.SVR'>,0.247508941956,-1.86122196993,-0.430317464073
[50- 61- 152- 186- 200- 210- 313- 354],0.00927802055017,<class 'sklearn.svm.classes.SVR'>,0.969240099376,-2.39642048033,-0.154187496692
[65- 122- 144- 186- 239- 275- 277- 367],0.00923158556792,<class 'sklearn.svm.classes.SVR'>,0.963569770035,-2.22246409443,-0.34471152259
[12- 130- 184- 199- 237- 312],0.00801984128454,<class 'sklearn.svm.classes.SVR'>,0.953940089429,-2.13659972877,-0.00289269405126
[9- 45- 222- 228- 308- 368],0.0251937676802,<class 'sklearn.svm.classes.SVR'>,0.799928915486,-1.02607803655,0.0644860198961
[63- 79- 318- 327],0.00614469377314,<class 'sklearn.svm.classes.SVR'>,0.965195801509,-2.33724989462,-0.0694777589415
[2- 8- 97- 258- 321- 334],0.00734295106082,<class 'sklearn.svm.classes.SVR'>,0.969265676486,-2.39925738475,-0.0775043054416
[1- 237- 245- 380],0.014902401361,<class 'sklearn.svm.classes.SVR'>,0.887920744332,-2.40990413324,0.10700041773
[6- 98- 218- 249- 331- 356],0.0129275647151,<class 'sklearn.svm.classes.SVR'>,0.907007886628,-1.95266722137,-0.0110551853963
[51- 83- 202- 206- 342],0.0236245739928,<class 'sklearn.svm.classes.SVR'>,0.851974615017,-2.702898002,-0.0245813688124
[102- 173- 194- 337- 347],0.00674176082817,<class 'sklearn.svm.classes.SVR'>,0.970346807204,-2.47837289948,-0.0776956008325
[126- 154- 243- 257- 299],0.395982825983,<class 'sklearn.svm.classes.SVR'>,-0.0059928357137,-2.01841968365,-0.0829848959892
[21- 187- 200- 274],0.353299491644,<class 'sklearn.svm.classes.SVR'>,0.0150148677022,-2.03846500122,-0.0115648049136
[117- 209- 238- 356- 368],0.148455606604,<class 'sklearn.svm.classes.SVR'>,0.501355083187,-4.40954110676,-0.0891409984479
[1- 138- 225- 292- 305- 316- 333],0.00822647328991,<class 'sklearn.svm.classes.SVR'>,0.969227675968,-2.39826725885,-0.0774575802019
[69- 71- 171- 291- 297- 327- 353],0.00822486988764,<class 'sklearn.svm.classes.SVR'>,0.96924114737,-2.39824301085,-0.0775830246234
[221- 232- 251- 309- 334- 353],0.00725282747373,<class 'sklearn.svm.classes.SVR'>,0.96911316144,-2.36813847341,-0.0684574393115
[65- 110- 167- 198- 223- 271- 353],0.255799237567,<class 'sklearn.svm.classes.SVR'>,0.281267238961,-1.91314921697,-0.58474419025
[22- 134- 161- 202- 353],0.00658175520369,<class 'sklearn.svm.classes.SVR'>,0.969400787796,-2.39738403192,-0.07765596968
[10- 45- 93- 266- 334- 340- 353- 373],0.00635154657462,<class 'sklearn.svm.classes.SVR'>,0.970476599725,-1.69293343452,-0.106572211598
[60- 99- 117- 141- 334- 358],0.00730146712148,<class 'sklearn.svm.classes.SVR'>,0.970914718512,-2.4362440863,-0.0822477106184
[144- 205- 334- 342- 353],0.0052178574069,<class 'sklearn.svm.classes.SVR'>,0.957740118006,-1.56916027979,-0.328973024578
[60- 104- 266- 326],0.00595342596859,<class 'sklearn.svm.classes.SVR'>,0.969083791687,-2.38810083223,0.0234191571165
[67- 149- 165- 334- 345],0.00814561521762,<class 'sklearn.svm.classes.SVR'>,0.969242484643,-2.87918464801,-0.15912029824
[44- 93- 218- 248- 273- 334- 353],0.0083060560769,<class 'sklearn.svm.classes.SVR'>,0.971068817719,-2.47298052251,-0.042424200395
[20- 52- 65- 319- 334- 363- 378],0.00738718577678,<class 'sklearn.svm.classes.SVR'>,0.968479285541,-2.15107337426,-0.0611813197186
[53- 136- 294- 299- 353- 363],0.107912939736,<class 'sklearn.svm.classes.SVR'>,0.613652961943,-4.02029089909,-0.20509329794
[0- 93- 115- 148- 190- 256- 263- 353],0.00926535756772,<class 'sklearn.svm.classes.SVR'>,0.969233754928,-2.39331481283,-0.194397607401
[135- 162- 221- 310- 334- 338],0.0682884097693,<class 'sklearn.svm.classes.SVR'>,0.59899788904,-0.199279142308,-0.661385294014
[146- 243- 274- 288- 308- 381],0.00743944395647,<class 'sklearn.svm.classes.SVR'>,0.969789172973,-2.44314141156,-0.0766630655534
[98- 107- 146- 152- 260- 266],0.00925214875891,<class 'sklearn.svm.classes.SVR'>,0.936878013835,-1.96175858264,-0.0279673796673
[11- 23- 47- 49- 95- 143- 254],0.00910287188423,<class 'sklearn.svm.classes.SVR'>,0.96559729351,-2.51512437852,-0.226239940149
[15- 64- 79- 191- 334- 340],0.00542682056875,<class 'sklearn.svm.classes.SVR'>,0.958013504972,-1.45793223143,-0.145766424044
[35- 111- 225- 266- 268],0.0923141112519,<class 'sklearn.svm.classes.SVR'>,0.622483238654,-3.74222008042,-0.181150760218
[35- 41- 93- 118- 121- 266- 290- 353],0.0658659337685,<class 'sklearn.svm.classes.SVR'>,0.91160519342,-7.86418042417,-0.422962143491
[93- 125- 266- 323- 334- 338- 342],0.0699380607024,<class 'sklearn.svm.classes.SVR'>,0.657110831441,-1.48830446796,-0.810673214528
[19- 133- 138- 153- 193- 290- 353- 379],0.00362596847537,<class 'sklearn.svm.classes.SVR'>,0.969116561942,-0.787800529425,-0.121841699647
[40- 93- 266- 334- 353- 375],0.00733942938823,<class 'sklearn.svm.classes.SVR'>,0.971689971798,-2.47054646466,-0.0587721565926
[3- 38- 90- 93- 109- 134- 154- 164- 187- 210- 221],0.0110732304453,<class 'sklearn.svm.classes.SVR'>,0.977327486481,-2.1270919307,-0.158095490016
[7- 93- 99- 102- 105- 131- 253- 371],0.00905808417957,<class 'sklearn.svm.classes.SVR'>,0.958199038018,-2.02753339929,-0.362409887801
[26- 68- 76- 93- 149- 334- 338],0.00880170376676,<class 'sklearn.svm.classes.SVR'>,0.968533466415,-2.52572414758,-0.0755787796883
[35- 104- 141- 334- 340- 375- 380],0.00813493181791,<class 'sklearn.svm.classes.SVR'>,0.969241842167,-2.37468996139,-0.0745740168638
[36- 38- 124- 147- 158- 169- 271- 361],0.208989160804,<class 'sklearn.svm.classes.SVR'>,0.434160498242,-3.03369447109,-0.323305456313
[3- 181- 191- 202- 262- 268],0.0100511497208,<class 'sklearn.svm.classes.SVR'>,0.926877013394,-1.86826463328,-0.128609258416
[54- 65- 73- 177- 321- 334],0.00734140259556,<class 'sklearn.svm.classes.SVR'>,0.969247743019,-2.39826725921,-0.0775836504329
[22- 79- 168- 229- 327- 341],0.00734090572453,<class 'sklearn.svm.classes.SVR'>,0.969250313181,-2.39819788781,-0.0775890708102
[191- 266- 294- 348],0.029485849482,<class 'sklearn.svm.classes.SVR'>,0.814333910974,-2.93143901297,0.00558032012313
[93- 94- 191- 228- 266- 292- 293],0.00914921817683,<class 'sklearn.svm.classes.SVR'>,0.958620824152,-2.32214687609,-0.133500496462
[33- 93- 96- 180- 311- 322- 353],0.00822607801562,<class 'sklearn.svm.classes.SVR'>,0.969231015929,-2.39826184071,-0.0775840735925
[51- 90- 207- 213- 311- 338],0.0172057659404,<class 'sklearn.svm.classes.SVR'>,0.854189473906,-1.25694002864,-0.246894434378
[68- 142- 209- 260- 322],0.0100317509457,<class 'sklearn.svm.classes.SVR'>,0.936213840546,-2.40478001238,0.00757612965623
[171- 174- 185- 218],0.00597491922026,<class 'sklearn.svm.classes.SVR'>,0.967357149567,-2.34261453573,-0.0728262868118
[31- 34- 206- 371],0.00973365950604,<class 'sklearn.svm.classes.SVR'>,0.942541715262,-2.77864057449,-0.0608398613194
[90- 176- 219- 316- 351- 376],0.00735290940345,<class 'sklearn.svm.classes.SVR'>,0.969138930766,-2.39840191376,-0.077573129769
[34- 82- 177- 290- 305],0.00695216134637,<class 'sklearn.svm.classes.SVR'>,0.961941036142,-2.29100231084,-0.0862921404534
[168- 197- 271- 286],0.047796914694,<class 'sklearn.svm.classes.SVR'>,0.738007804893,-3.21481811282,-0.414562203003
[1- 7- 78- 105- 135- 150- 220- 317],0.0787891540986,<class 'sklearn.svm.classes.SVR'>,0.861646942478,-7.49519718368,-0.762090588479
[58- 177- 239- 251- 276- 295- 306],0.00907026321708,<class 'sklearn.svm.classes.SVR'>,0.950915000456,-2.07668143683,-0.0760221446062
[63- 125- 231- 276- 280],0.339045852561,<class 'sklearn.svm.classes.SVR'>,0.0679723650517,-1.7576546192,-0.16082820479
[111- 246- 254- 332],0.00643809130416,<class 'sklearn.svm.classes.SVR'>,0.962998264138,-2.37349434495,-0.13348912825
[82- 130- 219- 317- 322],0.00761528844322,<class 'sklearn.svm.classes.SVR'>,0.963112033948,-2.53377612227,-0.0353337494277
[24- 282- 353- 373],0.00565386264002,<class 'sklearn.svm.classes.SVR'>,0.968706968205,-2.26579463094,0.0557824027903
[31- 73- 256- 289- 307],0.00741661888873,<class 'sklearn.svm.classes.SVR'>,0.944411687567,-1.90499667364,-0.0928754209747
[108- 117- 203- 317],0.00923502628767,<class 'sklearn.svm.classes.SVR'>,0.893845079718,-1.13079299395,-0.127466837235
[1- 19- 138- 225- 292- 305- 316- 333],0.00928757604182,<class 'sklearn.svm.classes.SVR'>,0.969227675968,-2.3982672587,-0.077296757852
[69- 71- 171- 291- 297- 327- 353],0.00822486988764,<class 'sklearn.svm.classes.SVR'>,0.96924114737,-2.39824301085,-0.0775830246234
[133- 153- 193- 221- 232- 251- 309- 334- 353],0.0104205225187,<class 'sklearn.svm.classes.SVR'>,0.969014501177,-2.3602143428,-0.0738068789032
[65- 110- 138- 167- 198- 223- 271- 330- 353],0.0402399613448,<class 'sklearn.svm.classes.SVR'>,0.750790688167,-0.280679236937,-0.242604230613
[22- 133- 134- 161- 202- 219- 353],0.00809852270187,<class 'sklearn.svm.classes.SVR'>,0.969291046378,-2.36655199596,-0.0800824184655
[10- 45- 138- 153- 334- 340- 353- 373],0.0055573077893,<class 'sklearn.svm.classes.SVR'>,0.973281821487,-1.54478306914,-0.132993669496
[60- 99- 117- 141- 193- 334- 358],0.00809279535131,<class 'sklearn.svm.classes.SVR'>,0.969150167669,-2.36091391883,-0.0805560917021
[144- 205- 342- 353- 379],0.214682279921,<class 'sklearn.svm.classes.SVR'>,0.306706754682,-2.66223612936,-0.50715994832
[60- 104- 193- 266- 326],0.0065695470167,<class 'sklearn.svm.classes.SVR'>,0.969188923309,-2.38693841503,-0.0792458665995
[67- 133- 149- 165- 290- 345],0.00926260507519,<class 'sklearn.svm.classes.SVR'>,0.967495078852,-2.8778971413,-0.245742404657
[44- 193- 218- 236- 248- 261- 273- 334- 353],0.0101590914984,<class 'sklearn.svm.classes.SVR'>,0.968868089767,-2.30260279497,-0.0752337150276
[20- 52- 65- 319- 334- 363- 378- 379],0.00826261730513,<class 'sklearn.svm.classes.SVR'>,0.96839179156,-2.13090466033,-0.0604758282251
[19- 53- 136- 153- 299- 353- 363],0.240984466022,<class 'sklearn.svm.classes.SVR'>,0.35950952385,-3.5016721332,-0.515092593667
[0- 93- 115- 148- 190- 256- 263- 353],0.00926535756772,<class 'sklearn.svm.classes.SVR'>,0.969233754928,-2.39331481283,-0.194397607401
[135- 138- 162- 193- 221- 310],0.0166041288187,<class 'sklearn.svm.classes.SVR'>,0.818305504142,-0.0698698923435,-0.10508814731
[133- 146- 288- 308- 381],0.00664390764413,<class 'sklearn.svm.classes.SVR'>,0.969559982468,-2.42259540431,-0.0768024036575
[19- 98- 107- 146- 152- 193- 260- 290- 361],0.0103092860341,<class 'sklearn.svm.classes.SVR'>,0.969495118411,-2.35112844804,-0.121154942822
[11- 19- 23- 47- 49- 95- 143- 254- 288],0.0119881930698,<class 'sklearn.svm.classes.SVR'>,0.960826453237,-2.43626711187,-0.252996547963
[15- 64- 79- 191- 193- 340],0.00558627635809,<class 'sklearn.svm.classes.SVR'>,0.969676061537,-1.85998058014,-0.282901578231
[35- 133- 225- 266- 268],0.0981883826836,<class 'sklearn.svm.classes.SVR'>,0.606316488233,-3.75900926418,-0.127347582192
[41- 93- 118- 119- 138- 178- 266- 290- 339- 353],0.0119598663946,<class 'sklearn.svm.classes.SVR'>,0.969427801757,-2.36654983343,-0.0779778250708
[93- 125- 133- 153- 266- 323- 334- 338- 342],0.101108917767,<class 'sklearn.svm.classes.SVR'>,0.624141147833,-1.57188441886,-0.866553070058
[19- 133- 138- 153- 193- 290- 353- 379],0.00362596847537,<class 'sklearn.svm.classes.SVR'>,0.969116561942,-0.787800529425,-0.121841699647
[93- 133- 193- 266- 334- 353],0.00590893140082,<class 'sklearn.svm.classes.SVR'>,0.970911896929,-2.00404319072,-0.0716280827971
[38- 90- 93- 109- 134- 154- 164- 187- 210- 221- 296],0.0107216532715,<class 'sklearn.svm.classes.SVR'>,0.97728039926,-2.06589221298,-0.116215610756
[7- 99- 102- 131- 193- 253- 288- 371],0.00790191206525,<class 'sklearn.svm.classes.SVR'>,0.968402961386,-2.04204151945,-0.0512184232525
[11- 26- 68- 76- 338],0.00851861033274,<class 'sklearn.svm.classes.SVR'>,0.958535008896,-2.66310298387,0.259532655129
[35- 104- 138- 141- 334- 340- 375- 380],0.00915297958872,<class 'sklearn.svm.classes.SVR'>,0.969184248793,-2.36586114261,-0.0751203965641
[36- 119- 124- 147- 153- 169- 271],0.0465226090343,<class 'sklearn.svm.classes.SVR'>,0.789406655602,-3.05374944971,-0.314298862857
[3- 181- 191- 202- 268],0.00906933703077,<class 'sklearn.svm.classes.SVR'>,0.930630626111,-1.97263061427,-0.111721801299
[54- 65- 73- 133- 153- 177- 321- 379],0.00930244507261,<class 'sklearn.svm.classes.SVR'>,0.96925777696,-2.40256170982,-0.077583651304
[22- 168- 229- 327- 341],0.00659856491521,<class 'sklearn.svm.classes.SVR'>,0.969247332336,-2.39824675659,-0.0775852523679
[191- 266- 290- 294- 348- 379],0.0264674098146,<class 'sklearn.svm.classes.SVR'>,0.856633524056,-2.91734459635,-0.251381805539
[19- 94- 133- 191- 193- 228- 292- 293],0.00892061249009,<class 'sklearn.svm.classes.SVR'>,0.969345458392,-2.31617002574,-0.0956829608077
[96- 180- 290- 311- 322- 353],0.00734309610704,<class 'sklearn.svm.classes.SVR'>,0.96923102504,-2.39826625368,-0.0775837289539
[22- 151- 332- 377- 379],0.00659307822958,<class 'sklearn.svm.classes.SVR'>,0.969241751731,-2.39627604004,-0.0777404592868
[178- 208- 247- 377],0.00539556250508,<class 'sklearn.svm.classes.SVR'>,0.963616496841,-2.01079799527,-0.100178650476
[18- 38- 290- 351],0.0107612695015,<class 'sklearn.svm.classes.SVR'>,0.895885929076,-1.62368320276,-0.168424769449
[13- 91- 185- 250],0.00596827759962,<class 'sklearn.svm.classes.SVR'>,0.969237709496,-2.39826725825,-0.0775836504737
[5- 121- 202- 323],0.1032701006,<class 'sklearn.svm.classes.SVR'>,0.517393650789,-2.18443270155,-0.35026239361
[17- 115- 126- 242],0.365452090273,<class 'sklearn.svm.classes.SVR'>,0.0408957326538,-3.408175564,-0.423341884123
[199- 219- 258- 353],0.0708079547986,<class 'sklearn.svm.classes.SVR'>,0.598969767922,-1.5932914603,0.174296210878
[41- 73- 168- 321],0.00516384750434,<class 'sklearn.svm.classes.SVR'>,0.969208551863,-2.09373066052,0.0855187191373
[46- 83- 215- 347- 381],0.00660891956278,<class 'sklearn.svm.classes.SVR'>,0.969300384556,-2.40325468356,-0.0771947419421
[7- 15- 134- 269- 337],0.247285375616,<class 'sklearn.svm.classes.SVR'>,0.273947034682,-3.47765379068,-0.194187781711
[30- 197- 284- 343- 352],0.0501046436857,<class 'sklearn.svm.classes.SVR'>,0.782802352934,-4.3432704881,-0.312656842673
[47- 180- 285- 326],0.0243678044548,<class 'sklearn.svm.classes.SVR'>,0.877771612145,-4.01164987583,-0.00883995670641
[36- 42- 45- 147- 276- 321- 340],0.00795937108687,<class 'sklearn.svm.classes.SVR'>,0.968462176033,-2.30544394189,0.0804344387211
[199- 243- 298- 338],0.353800009148,<class 'sklearn.svm.classes.SVR'>,0.0497273200332,-3.13406993168,-0.0860551634177
[89- 125- 150- 251- 277- 278],0.0398013280964,<class 'sklearn.svm.classes.SVR'>,0.858551856089,-4.82888434967,-1.01203444093
[1- 19- 138- 225- 292- 305- 316],0.0109078549528,<class 'sklearn.svm.classes.SVR'>,0.936951691686,-2.10373466582,-0.0693954926302
[69- 71- 171- 291- 297- 327- 353],0.00822486988764,<class 'sklearn.svm.classes.SVR'>,0.96924114737,-2.39824301085,-0.0775830246234
[19- 133- 153- 221- 232- 309- 334- 353],0.00909847227876,<class 'sklearn.svm.classes.SVR'>,0.968968739298,-2.34697509538,-0.0642950010846
[65- 110- 138- 167- 198- 223- 271- 353],0.067045694083,<class 'sklearn.svm.classes.SVR'>,0.640445553019,-0.16021461094,-0.176795097622
[22- 134- 161- 202- 353],0.00658175520369,<class 'sklearn.svm.classes.SVR'>,0.969400787796,-2.39738403192,-0.07765596968
[10- 45- 138- 153- 334- 340- 353- 373],0.0055573077893,<class 'sklearn.svm.classes.SVR'>,0.973281821487,-1.54478306914,-0.132993669496
[60- 99- 117- 141- 193- 334- 358],0.00809279535131,<class 'sklearn.svm.classes.SVR'>,0.969150167669,-2.36091391883,-0.0805560917021
[144- 205- 342- 353- 379],0.214682279921,<class 'sklearn.svm.classes.SVR'>,0.306706754682,-2.66223612936,-0.50715994832
[60- 104- 193- 266- 326- 379],0.00729510802758,<class 'sklearn.svm.classes.SVR'>,0.969216804758,-2.38371544013,-0.0795814562041
[133- 149- 165- 290],0.2448121822,<class 'sklearn.svm.classes.SVR'>,0.174715443275,-1.36382345261,-0.467895117315
[44- 193- 218- 236- 248- 273- 334- 353],0.00898862606988,<class 'sklearn.svm.classes.SVR'>,0.968856428531,-2.31806800051,-0.0760026146036
[20- 52- 65- 334- 363- 378- 379],0.00935627571714,<class 'sklearn.svm.classes.SVR'>,0.955674752335,-2.28682700939,-0.157401678778
[19- 53- 136- 153- 164- 294- 299- 317- 353- 363],0.229795486369,<class 'sklearn.svm.classes.SVR'>,0.544867643452,-4.84900366599,-0.389589748835
[0- 93- 115- 138- 148- 190- 256- 263- 353],0.01054961898,<class 'sklearn.svm.classes.SVR'>,0.969209494373,-2.39188358921,-0.140066045965
[135- 138- 162- 193- 221- 310],0.0166041288187,<class 'sklearn.svm.classes.SVR'>,0.818305504142,-0.0698698923435,-0.10508814731
[9- 133- 146- 243- 274- 288- 308- 381],0.00960716111184,<class 'sklearn.svm.classes.SVR'>,0.96988586064,-2.49029823419,-0.0779504459506
[19- 98- 107- 146- 152- 193- 260- 290],0.00908158579738,<class 'sklearn.svm.classes.SVR'>,0.969728604148,-2.364912089,-0.123660783067
[11- 19- 23- 47- 49- 95- 143- 254],0.0104335477243,<class 'sklearn.svm.classes.SVR'>,0.962997691409,-2.4755450667,-0.23812059199
[15- 79- 138- 191- 193- 208- 340],0.00713105374415,<class 'sklearn.svm.classes.SVR'>,0.971231704444,-2.16047868147,-0.108295897774
[35- 111- 133- 225- 266- 268],0.116785680464,<class 'sklearn.svm.classes.SVR'>,0.593874241595,-4.09702080491,-0.188478826256
[41- 93- 118- 138- 178- 266- 290- 339- 353- 359],0.0118217348029,<class 'sklearn.svm.classes.SVR'>,0.969181495646,-2.33530822501,-0.0801884565446
[93- 125- 133- 153- 177- 266- 323- 334- 338- 342],0.0120653093913,<class 'sklearn.svm.classes.SVR'>,0.96766838686,-2.33628254879,0.0522084546516
[19- 133- 138- 153- 193- 290- 353- 379],0.00362596847537,<class 'sklearn.svm.classes.SVR'>,0.969116561942,-0.787800529425,-0.121841699647
[40- 93- 133- 193- 266- 334- 353],0.00804387192564,<class 'sklearn.svm.classes.SVR'>,0.968960369615,-2.34243949373,-0.0769575484733
[38- 90- 93- 109- 154- 164- 187- 193- 210- 221],0.0102863956297,<class 'sklearn.svm.classes.SVR'>,0.976579834973,-2.25897556336,-0.0834211549346
[7- 99- 102- 131- 193- 253- 371],0.00702147903446,<class 'sklearn.svm.classes.SVR'>,0.968844064414,-2.05961869717,-0.0468649727817
[26- 68- 76- 149- 338],0.0106140863509,<class 'sklearn.svm.classes.SVR'>,0.948580456688,-2.93302362749,0.256486204099
[35- 104- 138- 141- 334- 340- 375- 380],0.00915297958872,<class 'sklearn.svm.classes.SVR'>,0.969184248793,-2.36586114261,-0.0751203965641
[36- 38- 124- 147- 153- 169- 271- 361],0.208993232194,<class 'sklearn.svm.classes.SVR'>,0.43416208352,-3.03393805566,-0.323267222064
[138- 181- 191- 202- 262- 268],0.00800425832856,<class 'sklearn.svm.classes.SVR'>,0.954806691891,-2.15806875828,-0.0964449916044
[54- 65- 73- 133- 153- 177- 321- 379],0.00930244507261,<class 'sklearn.svm.classes.SVR'>,0.96925777696,-2.40256170982,-0.077583651304
[22- 168- 229- 341],0.00986192319127,<class 'sklearn.svm.classes.SVR'>,0.919954303124,-2.11761113339,0.115357446293
[191- 266- 290- 294- 348- 379],0.0264674098146,<class 'sklearn.svm.classes.SVR'>,0.856633524056,-2.91734459635,-0.251381805539
[19- 94- 133- 191- 193- 228- 292- 293],0.00892061249009,<class 'sklearn.svm.classes.SVR'>,0.969345458392,-2.31617002574,-0.0956829608077
[96- 180- 290- 311- 322- 353],0.00734309610704,<class 'sklearn.svm.classes.SVR'>,0.96923102504,-2.39826625368,-0.0775837289539
[47- 88- 296- 317],0.0137850992039,<class 'sklearn.svm.classes.SVR'>,0.906830597411,-2.73124856656,-0.0864301297085
[15- 75- 292- 340],0.00583374731124,<class 'sklearn.svm.classes.SVR'>,0.961087674616,-2.09730979782,-0.0287677003623
[109- 169- 241- 245- 260],0.0544395808658,<class 'sklearn.svm.classes.SVR'>,0.63676074622,-0.415616336114,-0.0662096741813
[81- 108- 114- 135- 151- 183- 238- 327- 352- 370],0.0121723182787,<class 'sklearn.svm.classes.SVR'>,0.969227676145,-2.39826725351,-0.0775716177781
[32- 40- 70- 124- 372],0.0126999181384,<class 'sklearn.svm.classes.SVR'>,0.915727322097,-2.45134359728,-0.0984327558875
[60- 115- 226- 228- 299- 300],0.0199573788668,<class 'sklearn.svm.classes.SVR'>,0.897082211893,-3.04527989918,0.227616852351
[45- 132- 165- 248],0.23923610965,<class 'sklearn.svm.classes.SVR'>,0.24154532973,-3.10854263137,-0.278681775776
[27- 47- 153- 178- 195- 354- 380- 383],0.00928757604251,<class 'sklearn.svm.classes.SVR'>,0.969227675968,-2.39826725886,-0.077583650426
[21- 55- 185- 280- 348- 353],0.0073503897566,<class 'sklearn.svm.classes.SVR'>,0.967996186678,-2.36357024733,-0.097865290417
[184- 197- 318- 348],0.00625966642141,<class 'sklearn.svm.classes.SVR'>,0.95867823113,-2.17707311516,-0.138206438996
[8- 46- 82- 347],0.0177557690319,<class 'sklearn.svm.classes.SVR'>,0.868967217775,-2.45361751564,0.00191315800943
[11- 111- 264- 277- 339],0.019327878727,<class 'sklearn.svm.classes.SVR'>,0.882275945699,-2.84000698596,-0.291147614566
[34- 69- 254- 378],0.0777851005342,<class 'sklearn.svm.classes.SVR'>,0.64719970679,-3.8031828036,-0.477276387244
[26- 100- 188- 272- 282- 330- 382],0.00824466771523,<class 'sklearn.svm.classes.SVR'>,0.969227675996,-2.40301998658,-0.0770190075803
[54- 74- 84- 92- 165- 169- 320],0.0229170610938,<class 'sklearn.svm.classes.SVR'>,0.895459222283,-3.11323533208,0.23843385949
[1- 19- 138- 225- 292- 305- 316],0.0109078549528,<class 'sklearn.svm.classes.SVR'>,0.936951691686,-2.10373466582,-0.0693954926302
[69- 71- 171- 291- 297- 327- 353],0.00822486988764,<class 'sklearn.svm.classes.SVR'>,0.96924114737,-2.39824301085,-0.0775830246234
[19- 133- 153- 212- 221- 232- 353],0.0240445673116,<class 'sklearn.svm.classes.SVR'>,0.838530990686,-1.61912544032,0.186070099367
[65- 110- 138- 167- 198- 223- 271- 353],0.067045694083,<class 'sklearn.svm.classes.SVR'>,0.640445553019,-0.16021461094,-0.176795097622
[22- 134- 161- 202- 219- 290- 353],0.00814918912811,<class 'sklearn.svm.classes.SVR'>,0.969294036981,-2.37996537902,-0.0790157011978
[10- 45- 138- 153- 340- 353- 373],0.00491257641831,<class 'sklearn.svm.classes.SVR'>,0.955465227369,-1.017742053,-0.134418058737
[60- 99- 117- 193- 334- 358],0.00726459850677,<class 'sklearn.svm.classes.SVR'>,0.969180595367,-2.37362973491,-0.0795294577063
[144- 205- 342- 353- 379],0.214682279921,<class 'sklearn.svm.classes.SVR'>,0.306706754682,-2.66223612936,-0.50715994832
[60- 104- 150- 193- 326- 379],0.00729625843815,<class 'sklearn.svm.classes.SVR'>,0.969224965567,-2.38429809913,-0.0795715035837
[67- 133- 149- 290- 345],0.00791795943009,<class 'sklearn.svm.classes.SVR'>,0.968369930441,-2.78496463584,-0.210689845785
[44- 193- 218- 236- 248- 273- 334- 353],0.00898862606988,<class 'sklearn.svm.classes.SVR'>,0.968856428531,-2.31806800051,-0.0760026146036
[20- 52- 65- 153- 334- 363- 378- 379],0.0112669859877,<class 'sklearn.svm.classes.SVR'>,0.950005275102,-2.2794145505,-0.18407679639
[19- 53- 136- 153- 193- 299- 353- 363],0.0125743529116,<class 'sklearn.svm.classes.SVR'>,0.887295020896,-0.740466461393,-0.32953543588
[0- 93- 115- 138- 148- 190- 263- 353],0.00926687101651,<class 'sklearn.svm.classes.SVR'>,0.969247678839,-2.39406508987,-0.134750873396
[138- 162- 193- 221- 290- 310],0.00520973722815,<class 'sklearn.svm.classes.SVR'>,0.924360210521,-0.378979141797,-0.121404035643
[133- 146- 288- 308- 353- 381],0.00739602303923,<class 'sklearn.svm.classes.SVR'>,0.969263392895,-2.41475892397,-0.077728764884
[19- 98- 107- 146- 193- 260- 290],0.00807577928795,<class 'sklearn.svm.classes.SVR'>,0.969702113705,-2.372604979,-0.125374336747
[11- 19- 23- 47- 49- 95- 143- 254- 288],0.0119881930698,<class 'sklearn.svm.classes.SVR'>,0.960826453237,-2.43626711187,-0.252996547963
[15- 64- 79- 138- 191- 193- 208- 340],0.00792954192508,<class 'sklearn.svm.classes.SVR'>,0.97117059832,-2.12861415254,-0.116531622156
[35- 133- 225- 266- 268],0.0981883826836,<class 'sklearn.svm.classes.SVR'>,0.606316488233,-3.75900926418,-0.127347582192
[41- 93- 118- 138- 178- 266- 290- 339- 353],0.0105367968619,<class 'sklearn.svm.classes.SVR'>,0.966322751589,-2.30770489548,-0.0832721321342
[93- 125- 133- 153- 266- 323- 334- 338- 342],0.101108917767,<class 'sklearn.svm.classes.SVR'>,0.624141147833,-1.57188441886,-0.866553070058
[19- 133- 138- 153- 193- 290- 353- 379],0.00362596847537,<class 'sklearn.svm.classes.SVR'>,0.969116561942,-0.787800529425,-0.121841699647
[93- 133- 193- 266- 334- 353],0.00590893140082,<class 'sklearn.svm.classes.SVR'>,0.970911896929,-2.00404319072,-0.0716280827971
[38- 109- 164- 187- 193- 210- 221],0.00504991631039,<class 'sklearn.svm.classes.SVR'>,0.968589122525,-1.44853011686,-0.12900466695
[7- 99- 102- 131- 193- 253- 288- 353- 371],0.00963086491224,<class 'sklearn.svm.classes.SVR'>,0.969250792404,-2.20323265525,-0.0826533572024
[11- 26- 68- 76- 338],0.00851861033274,<class 'sklearn.svm.classes.SVR'>,0.958535008896,-2.66310298387,0.259532655129
[35- 45- 104- 138- 141- 334- 340- 380],0.00907840754902,<class 'sklearn.svm.classes.SVR'>,0.968837934246,-2.33853163775,-0.0703904791431
[36- 124- 147- 153- 169- 271],0.184033837337,<class 'sklearn.svm.classes.SVR'>,0.43692199393,-3.80945517885,-0.328960778993
[138- 181- 191- 268],0.0129686412038,<class 'sklearn.svm.classes.SVR'>,0.858251223184,-1.03244033081,-0.221979152954
[54- 65- 73- 133- 153- 177- 321- 379],0.00930244507261,<class 'sklearn.svm.classes.SVR'>,0.96925777696,-2.40256170982,-0.077583651304
[22- 168- 229- 341],0.00986192319127,<class 'sklearn.svm.classes.SVR'>,0.919954303124,-2.11761113339,0.115357446293
[191- 266- 290- 294- 348- 379],0.0264674098146,<class 'sklearn.svm.classes.SVR'>,0.856633524056,-2.91734459635,-0.251381805539
[19- 94- 133- 191- 193- 228- 292- 293],0.00892061249009,<class 'sklearn.svm.classes.SVR'>,0.969345458392,-2.31617002574,-0.0956829608077
[96- 180- 290- 322- 353],0.00660013568191,<class 'sklearn.svm.classes.SVR'>,0.969231020953,-2.3982671539,-0.0775836586268
[61- 96- 253- 346],0.0247458081499,<class 'sklearn.svm.classes.SVR'>,0.866832853152,-3.7417466726,-0.38740346044
[87- 209- 229- 267- 383],0.00660039353671,<class 'sklearn.svm.classes.SVR'>,0.969227675968,-2.39825023859,-0.077583650426
[21- 155- 255- 267],0.316809304786,<class 'sklearn.svm.classes.SVR'>,0.0632855531151,-1.75431673526,0.0857029829595
[48- 172- 211- 239],0.0146552522134,<class 'sklearn.svm.classes.SVR'>,0.912028471359,-3.09713399518,-0.0422389028452
[12- 102- 127- 173- 370],0.00658027759887,<class 'sklearn.svm.classes.SVR'>,0.969230029318,-2.39171475515,-0.0780676671877
[150- 276- 300- 302],0.375999147098,<class 'sklearn.svm.classes.SVR'>,0.0319024999983,-3.61796197231,0.0230835858346
[2- 130- 179- 211- 294- 302- 338- 350- 357- 374],0.0554058127765,<class 'sklearn.svm.classes.SVR'>,0.886219614205,-4.91513077771,-0.928943061436
[74- 170- 233- 239- 312- 349],0.0512582398084,<class 'sklearn.svm.classes.SVR'>,0.814354144027,-4.86525811385,-0.352000921821
[96- 147- 263- 376],0.0220762431545,<class 'sklearn.svm.classes.SVR'>,0.874654879491,-3.49208539598,-0.32574800637
[24- 74- 150- 364],0.0107818497687,<class 'sklearn.svm.classes.SVR'>,0.901497639317,-1.80255247095,0.131911375196
[11- 13- 39- 369],0.1666779349,<class 'sklearn.svm.classes.SVR'>,0.455156223534,-5.15393839614,-0.292196160205
[107- 195- 224- 243- 302- 324],0.419335934936,<class 'sklearn.svm.classes.SVR'>,0.0989910046405,-4.73704092455,-0.0398298993327
[117- 166- 218- 240- 311- 381],0.00710942989238,<class 'sklearn.svm.classes.SVR'>,0.969311179027,-2.33142895472,-0.0755164276918
[32- 61- 116- 163- 213- 245],0.0818435475588,<class 'sklearn.svm.classes.SVR'>,0.701045128765,-4.49092694362,-0.266183999638
[30- 36- 227- 353- 357],0.00577033786642,<class 'sklearn.svm.classes.SVR'>,0.975747803781,-2.31461121983,-0.186735068347
[1- 19- 133- 138- 225- 292- 305- 316- 379],0.0141180266735,<class 'sklearn.svm.classes.SVR'>,0.936288153327,-2.12984683745,-0.0611561492345
[69- 71- 171- 291- 297- 327- 353],0.00822486988764,<class 'sklearn.svm.classes.SVR'>,0.96924114737,-2.39824301085,-0.0775830246234
[19- 133- 138- 153- 221- 232- 353],0.015787572139,<class 'sklearn.svm.classes.SVR'>,0.866105845977,-1.03275827618,0.134185137791
[65- 92- 110- 138- 167- 198- 223- 271- 353],0.0834709483158,<class 'sklearn.svm.classes.SVR'>,0.617263764328,-0.171514609247,-0.194654212978
[22- 134- 161- 202- 290- 353],0.00739276556504,<class 'sklearn.svm.classes.SVR'>,0.969627179182,-2.42465776335,-0.0755423724148
[10- 138- 153- 340- 353- 373],0.00455588701879,<class 'sklearn.svm.classes.SVR'>,0.957522041506,-1.1325124612,-0.11497147481
[60- 99- 117- 138- 193- 334- 358- 379],0.00907836838549,<class 'sklearn.svm.classes.SVR'>,0.969174906763,-2.34822269828,-0.0815895856606
[144- 205- 342- 353- 379],0.214682279921,<class 'sklearn.svm.classes.SVR'>,0.306706754682,-2.66223612936,-0.50715994832
[60- 104- 193- 326- 379],0.00656962961993,<class 'sklearn.svm.classes.SVR'>,0.969190486111,-2.38701302936,-0.0793070436349
[67- 133- 149- 290- 345],0.00791795943009,<class 'sklearn.svm.classes.SVR'>,0.968369930441,-2.78496463584,-0.210689845785
[44- 193- 218- 236- 248- 273- 334- 353],0.00898862606988,<class 'sklearn.svm.classes.SVR'>,0.968856428531,-2.31806800051,-0.0760026146036
[20- 52- 65- 153- 196- 334- 363- 378- 379],0.0130209685578,<class 'sklearn.svm.classes.SVR'>,0.945037573233,-2.18169119105,-0.111505128115
[19- 53- 153- 164- 193- 294- 299- 317- 353- 363],0.0158790556393,<class 'sklearn.svm.classes.SVR'>,0.887308710554,-0.730305737716,-0.149922585482
[0- 93- 115- 138- 148- 190- 263- 353],0.00926687101651,<class 'sklearn.svm.classes.SVR'>,0.969247678839,-2.39406508987,-0.134750873396
[138- 162- 193- 221- 290- 310],0.00520973722815,<class 'sklearn.svm.classes.SVR'>,0.924360210521,-0.378979141797,-0.121404035643
[9- 133- 146- 243- 288- 353- 381],0.00808025946964,<class 'sklearn.svm.classes.SVR'>,0.95496414322,-1.94182113655,-0.0936488561172
[19- 98- 107- 146- 193- 260- 290- 340],0.00912538751853,<class 'sklearn.svm.classes.SVR'>,0.9696810846,-2.37374804624,-0.1209894445
[11- 19- 23- 47- 49- 95- 143- 254],0.0104335477243,<class 'sklearn.svm.classes.SVR'>,0.962997691409,-2.4755450667,-0.23812059199
[15- 64- 79- 191- 193- 208- 340],0.00703382462217,<class 'sklearn.svm.classes.SVR'>,0.971447233952,-2.13940788331,-0.164398321192
[35- 133- 225- 228- 266- 268- 327],0.00857689360338,<class 'sklearn.svm.classes.SVR'>,0.96923012395,-2.48897089606,-0.0773369279601
[41- 93- 118- 138- 178- 266- 290- 339- 353- 359],0.0118217348029,<class 'sklearn.svm.classes.SVR'>,0.969181495646,-2.33530822501,-0.0801884565446
[93- 125- 133- 153- 266- 323- 334- 338- 342],0.101108917767,<class 'sklearn.svm.classes.SVR'>,0.624141147833,-1.57188441886,-0.866553070058
[19- 133- 138- 153- 193- 251- 290- 353- 372- 379],0.00524775090713,<class 'sklearn.svm.classes.SVR'>,0.977231028884,-1.16017596781,-0.0204546224108
[40- 93- 133- 193- 266- 334- 353],0.00804387192564,<class 'sklearn.svm.classes.SVR'>,0.968960369615,-2.34243949373,-0.0769575484733
[38- 109- 164- 187- 193- 210- 221- 241],0.0055646650063,<class 'sklearn.svm.classes.SVR'>,0.965944717813,-1.33576778353,-0.12199031298
[7- 99- 102- 131- 174- 193- 253- 288- 353- 371],0.011187778003,<class 'sklearn.svm.classes.SVR'>,0.969906159936,-2.24150941513,-0.0759616727653
[11- 68- 76- 149- 213- 338],0.204189628537,<class 'sklearn.svm.classes.SVR'>,0.399136517578,-3.83472807719,-0.272005105614
[35- 104- 138- 141- 334- 340- 380],0.00806925285612,<class 'sklearn.svm.classes.SVR'>,0.969027798565,-2.35111904551,-0.0686205129234
[36- 124- 147- 153- 169- 271],0.184033837337,<class 'sklearn.svm.classes.SVR'>,0.43692199393,-3.80945517885,-0.328960778993
[138- 181- 191- 262- 268],0.0131095346519,<class 'sklearn.svm.classes.SVR'>,0.880409275635,-1.47535774681,-0.173894776433
[54- 65- 73- 133- 153- 177- 321- 379],0.00930244507261,<class 'sklearn.svm.classes.SVR'>,0.96925777696,-2.40256170982,-0.077583651304
[22- 168- 229- 341],0.00986192319127,<class 'sklearn.svm.classes.SVR'>,0.919954303124,-2.11761113339,0.115357446293
[191- 266- 280- 290- 294- 348- 379],0.0243141534707,<class 'sklearn.svm.classes.SVR'>,0.853295307734,-2.09296186598,-0.262295946181
[19- 94- 133- 191- 193- 228- 292- 293],0.00892061249009,<class 'sklearn.svm.classes.SVR'>,0.969345458392,-2.31617002574,-0.0956829608077
[96- 153- 180- 290- 322- 353],0.00734309609837,<class 'sklearn.svm.classes.SVR'>,0.969231025051,-2.39826625143,-0.0775837291292
[12- 138- 246- 260],0.02415934521,<class 'sklearn.svm.classes.SVR'>,0.78238544763,-1.02847642416,-0.220399897332
[31- 210- 233- 277],0.0155067397137,<class 'sklearn.svm.classes.SVR'>,0.8748734153,-2.14493790386,-0.0554622699466
[112- 142- 258- 310- 330],0.212500506292,<class 'sklearn.svm.classes.SVR'>,0.291161424911,-2.06446192064,-0.41842829963
[44- 134- 271- 292],0.0274037895692,<class 'sklearn.svm.classes.SVR'>,0.900263047732,-5.2374471607,0.0549384795694
[62- 132- 215- 220- 307- 374],0.00793280564875,<class 'sklearn.svm.classes.SVR'>,0.948217871375,-1.94134519885,-0.0839276006995
[4- 46- 142- 159- 239- 270- 369],0.156205126913,<class 'sklearn.svm.classes.SVR'>,0.497474532893,-3.0093747047,-0.52964970788
[91- 110- 200- 208],0.00597282425011,<class 'sklearn.svm.classes.SVR'>,0.967271542972,-2.33920822546,-0.0510986285649
[27- 182- 191- 270- 356- 373],0.00687442326672,<class 'sklearn.svm.classes.SVR'>,0.966692077831,-2.18251007952,-0.104193322885
[6- 12- 25- 32- 66- 94- 127- 184],0.00928757604251,<class 'sklearn.svm.classes.SVR'>,0.969227675968,-2.39826725886,-0.077583650426
[87- 181- 207- 255- 272],0.363887361498,<class 'sklearn.svm.classes.SVR'>,0.0354548125528,-1.88795610519,-0.0325762280519
[54- 57- 280- 353],0.0165954663697,<class 'sklearn.svm.classes.SVR'>,0.920871610818,-3.80722709768,-0.45103380158
[153- 282- 332- 339- 367],0.00664988865826,<class 'sklearn.svm.classes.SVR'>,0.968680298204,-2.39784733091,-0.0352288280342
[35- 112- 127- 175- 194- 258- 296],0.00862533603507,<class 'sklearn.svm.classes.SVR'>,0.966428745594,-2.4192456047,-0.67226178106
[277- 279- 298- 353],0.174873573828,<class 'sklearn.svm.classes.SVR'>,0.317286022596,-1.45468223549,-0.39451763556
[134- 147- 197- 215- 287],0.0314900152816,<class 'sklearn.svm.classes.SVR'>,0.783204073365,-1.8818435893,8.41091551325e-05
